Make,Country
Acura,Japan
Audi,Germany
BMW,Germany
Buick,United States
Cadillac,United States
Chevrolet,United States
Chrysler,United States
Dodge,United States
Ford,United States
GMC,United States
Honda,Japan
Hummer,United States
Hyundai,South Korea
Infiniti,Japan
Isuzu,Japan
Jaguar,United Kingdom
Jeep,United States
Kia,South Korea
Land Rover,United Kingdom
Lexus,Japan
Lincoln,United States
MINI,United Kingdom
Mazda,Japan
Mercedes-Benz,Germany
Mercury,United States
Mitsubishi,Japan
Nissan,Japan
Oldsmobile,United States
Pontiac,United States
Porsche,Germany
Saab,Sweden
Saturn,United States
Scion,Japan
Subaru,Japan
Suzuki,Japan
Toyota,Japan
Volkswagen,Germany
Volvo,Sweden